class_js_divergence,coverage,dataset,density,feature_fid,feature_kid,mean_classifier_confidence,seed,variant
0.17876034659639772,0.05000000074505806,cifar10,0.1353,414.62572177651464,3.3456732117117634,0.7340297698974609,0,fp
0.11612915887113866,0.13449999690055847,cifar10,0.3812,328.81519122785494,2.6904454891720686,0.7294435501098633,1,fp
0.1433828327356282,0.06199999898672104,cifar10,0.1742,404.55692860296756,3.2464313815745687,0.7042410969734192,2,fp
0.16481391066136464,0.054499998688697815,cifar10,0.1102,386.66433622937274,3.30540881972468,0.7663647532463074,0,native_centered_pre
0.16970065956654584,0.05550000071525574,cifar10,0.1616,394.92701195309616,3.337836011633523,0.7438510656356812,1,native_centered_pre
0.16855998169896702,0.07349999994039536,cifar10,0.2776,371.3774343644598,3.087656436539956,0.7194159030914307,2,native_centered_pre
0.152143600275302,0.051500000059604645,cifar10,0.1058,388.4254326528992,3.2544202726810063,0.7557822465896606,0,native_uncentered_pre
0.14330705714525097,0.042500000447034836,cifar10,0.1186,427.2831523689041,3.854229160637609,0.7538308501243591,1,native_uncentered_pre
0.13250310985887043,0.05050000175833702,cifar10,0.1508,391.67993603241393,3.252936452549635,0.7074483633041382,2,native_uncentered_pre
0.13106355976010547,0.0989999994635582,cifar10,0.3583,345.78620455274904,2.9577352670185117,0.6864354014396667,0,native_w1a1_core
0.16910088649822044,0.07649999856948853,cifar10,0.1718,395.85055461645135,3.351012233700069,0.7545250058174133,1,native_w1a1_core
0.15511550602867863,0.07199999690055847,cifar10,0.3494,353.43258065167447,2.9248172003022317,0.7063214182853699,2,native_w1a1_core
0.2555312133291662,0.0020000000949949026,cifar10,0.0322,533.3274792673396,4.616871207657004,0.6547453999519348,0,ptq_centered
0.20662251895898745,0.0020000000949949026,cifar10,0.0737,603.8740598365821,4.447524801665631,0.46620142459869385,1,ptq_centered
0.3229555641187452,0.004000000189989805,cifar10,0.07,555.4299031620351,4.066627035084101,0.706764280796051,2,ptq_centered
0.17985450909902706,0.03500000014901161,cifar10,0.0843,428.9860500970856,3.523329770853529,0.7303458452224731,0,warm_qat_centered
0.1630122101536698,0.07900000363588333,cifar10,0.168,386.31965108261477,3.2164981396168866,0.7563228607177734,1,warm_qat_centered
0.19653364265091144,0.054999999701976776,cifar10,0.2114,395.51095982179817,3.162968103119967,0.7615126967430115,2,warm_qat_centered
