dataset,variant,seed,feature_fid,feature_kid,density,coverage,class_js_divergence,mean_classifier_confidence
mnist,fp,0,3.2606745028718365,0.05725111870963584,0.2682,0.1770000010728836,0.03652874410042079,0.6702799201011658
mnist,fp,1,3.461468263435415,0.06730665511860812,0.2915,0.19750000536441803,0.03963152434647552,0.6788262128829956
mnist,fp,2,2.71931935637515,0.04199092493525214,0.292,0.20999999344348907,0.022633886544103074,0.6785313487052917
mnist,native_centered_post,0,131.36523539631156,16.307372741453065,0.0129,0.011500000022351742,0.2607190277030685,0.8804154992103577
mnist,native_centered_post,1,102.45420949926182,7.255784399890815,0.0116,0.023000000044703484,0.3355995289550082,0.9705474376678467
mnist,native_centered_post,2,13.572685357659072,0.26629123858057024,0.0874,0.05999999865889549,0.16255145805580418,0.8037526607513428
mnist,native_centered_pre,0,70.0364153643104,3.8781456690002516,0.0096,0.01600000075995922,0.2624143581951033,0.9147729873657227
mnist,native_centered_pre,1,117.82784122694288,9.35655717103501,0.0025,0.004000000189989805,0.3571121095766713,0.9718171954154968
mnist,native_centered_pre,2,110.64730506978782,9.55922615651162,0.0191,0.03150000050663948,0.30480306549185365,0.9602579474449158
mnist,native_uncentered_post,0,16.015795431170243,0.17933764253499085,0.0914,0.06650000065565109,0.1555570946019127,0.8468366861343384
mnist,native_uncentered_post,1,101.79270685642055,6.504400152940951,0.0024,0.005499999970197678,0.35610557115321384,0.9730291962623596
mnist,native_uncentered_post,2,134.97577593012107,13.958530889283733,0.0051,0.011500000022351742,0.3475581430801837,0.9720045924186707
mnist,native_uncentered_pre,0,47.10810750413307,1.3196424454089426,0.0221,0.02199999988079071,0.2844947629790864,0.9339655041694641
mnist,native_uncentered_pre,1,63.16438289696855,2.085309279811533,0.0173,0.03350000083446503,0.31782008609046297,0.9687900543212891
mnist,native_uncentered_pre,2,28.708878029699726,0.4545126391276404,0.0264,0.041999999433755875,0.2815076103547408,0.9410958290100098
mnist,native_w1a1_core,0,125.68236064670404,14.300143745302218,0.003,0.004999999888241291,0.32166966887375964,0.952684223651886
mnist,native_w1a1_core,1,258.2102360216476,63.87357383185426,0.0052,0.009499999694526196,0.326488049323312,0.9426920413970947
mnist,native_w1a1_core,2,229.76249091969936,44.90825270667074,0.0079,0.013000000268220901,0.3702603766694843,0.9608814716339111
mnist,ptq_centered,0,473.63562182553466,188.56174243268347,0.0,0.0,0.5326857407199297,0.9999996423721313
mnist,ptq_centered,1,440.51182255726025,164.52987515539485,0.0,0.0,0.5324219625724085,0.9999350309371948
mnist,ptq_centered,2,1699.2125549729626,4390.853255654563,0.0,0.0,0.5326884593095744,1.0
mnist,ptq_uncentered,0,1131.5568525900328,1545.0870379558103,0.0,0.0,0.5326883715492868,1.0
mnist,ptq_uncentered,1,1133.1565450759706,1600.9804106910249,0.0,0.0,0.5287250145739907,0.9989473819732666
mnist,ptq_uncentered,2,1677.873471327629,4256.422271441355,0.0,0.0,0.5326884095122082,1.0
mnist,warm_qat_centered,0,81.1565424940804,6.815421046668692,0.0181,0.03200000151991844,0.33405064342463386,0.9282611012458801
mnist,warm_qat_centered,1,33.614180167824614,0.6997569945839874,0.0164,0.02800000086426735,0.3703686661832293,0.9669321775436401
mnist,warm_qat_centered,2,84.57798189976086,7.321114090604463,0.0234,0.035999998450279236,0.2543439615550197,0.8585839867591858
