Reference,Quantity,Value,Description
U1,1,74AHC1G32,Single 2-input OR gate
U2 U4,2,74AHC1G08,Single 2-input AND gate
U3,1,74AHC1G04,Single inverter
Q1,1,2N3904,NPN transistor for trigger LED buffering
SW1-SW4,4,SPST DIP switch sections,BCD selector bits
SW5,1,SPST momentary,Generate button
SW6,1,SPST momentary,Reset button
R1-R4 R13 R17,6,10 kOhm,Input pull-down resistors
R5-R8 R14 R18,6,1 kOhm,UNO Q GPIO series-protection resistors
R9-R12 R16,5,1 kOhm,LED current-limiting resistors
R15,1,10 kOhm,Trigger LED transistor base resistor
C1-C4,4,10 nF,BCD input noise filters
C5-C6,2,100 nF,Button input filters
C7-C10,4,100 nF,Logic IC local decoupling
C11,1,10 uF,5 V rail bulk capacitor
D1-D4,4,LED,BCD state indicators
D5,1,LED,Valid trigger indicator
J1,1,1x8 header,Arduino UNO Q power and D2-D7 interface
